name,← 第一个必须是name，不然会报错,接下来是我瞎想的名字，想到那说到哪,,,,,,,,
金木研,为什么我第一个想到的是他,,,,,,,,,
奇诺比奥队长,马里奥奥德赛里面最喜欢这位,BGM很逗，还必定给一个月亮,,,,,,,,
黑崎一护,三大民工漫唯一一个不是很了解的,,,,,,,,,
Saber,其实也不是很了解，设定太乱了,,,,,,,,,
泉此方,喜欢泉此方,,,,,,,,,
范马勇次郎,画风突变,,,,,,,,,
海陀螺,游戏starbound中hytoyol种族的谐音,,,,,,,,,
三石优香,一个喜欢的恋爱漫的女主,,,,,,,,,
辉夜姬,广泛存在于日本神话,,,,,,,,,
东风谷早苗,引发奇迹的力量,,,,,,,,,
悟空,喜欢龙珠的和喜欢黑神话的打一架吧,那样的话我可能会左右互搏，但是黑神话果然还是略胜一筹,,,,,,,,
艾伦耶格尔,巨人还是很不错的，个人感觉也不算烂尾,,,,,,,,,
萧炎,三十年河东，三十年河西，莫欺少年穷,莫欺中年穷,莫欺老年穷,死者为大,盗墓贼的计划,盗墓贼的眼泪,盗墓贼的爆发,遗失的尸体,被诅咒的坟头,我编不下去了
门仓甲,机战与美少女融合之后就是双倍的快乐,虽然这家伙是男主吧,,,,,,,,
丛雨,柚子厨暴死,Ciallo!,,,,,,,,
Tranquilizer,机战与美少女的巨型敌机,高难度下蹭上一次就要大残,,,,,,,,
Gellar,神秘的名字,大概算是我的水印,作者最常用的名字之一,,,,,,,
盖侬,铁打的林克，铁打的塞尔达，铁打的盖侬,,,,,,,,,
阿甘,潸然泪下,,,,,,,,,
跛足道人,红楼梦看了没,我觉得还是请挺好看的，就是可以深挖很多东西（索隐派在此）,当然考试别那么写就是了,,,,,,,
sion,地球上最后的恋爱物语,,,,,,,,,
安道全,水浒里面最惨的一位,,,,,,,,,
凌波丽,这个时候，只要笑就好了,凌波丽版的fly me to the moon最好听,,,,,,,,
征服者康,漫威一位漫画反派,早年听努力的lorry解说听得很开心,,,,,,,,
德川家康,日本战国时代的大名，统一日本（吞噬其他势力）,奸雄人物，但是在战国basara里面先是一个热血少年，又变成了热血成年,一度误导了我对他的看法,,,,,,,
本多忠胜,德川家康的武将,但是basara里面变成了高达,,,,,,,,
赢政,不评价,,,,,,,,,
三上三力,你们还小，我怕明老师骂我，请自己去搜（）,,,,,,,,,
春日野穹,鼻祖,具体是什么的鼻祖，其实是很多概念的鼻祖,,,,,,,,
阿格尼,桑和露娜，我认为这个故事是沉重的,,,,,,,,,
Root,linux的管理员,linux大能老父亲说：我们鄙视windows的管理员admin,,,,,,,,
千手柱间,初代火影，忍者之神,,,,,,,,,
宇智波斑,你也想起舞吗！！！,,,,,,,,,
行了差不多了,编不下去了，不好意思,请注意这一行下面也不要写东西了，不然会出现nan异常名称（我考虑用filter筛选一下）,,,,,,,,
